City_ID,City,Country,Date,Lat,Lng,Max Temp,Humidity,Cloudiness,Wind Speed
0,Alta Floresta,BR,2022-07-24 03:24:04,-9.8756,-56.0861,72.36,45,27,3.65
1,Bredasdorp,ZA,2022-07-24 03:24:05,-34.5322,20.0403,47.07,82,37,0.92
2,Zalantun,CN,2022-07-24 03:24:05,48.0,122.7167,74.03,76,98,8.19
3,Butaritari,KI,2022-07-24 03:24:05,3.0707,172.7902,81.48,79,96,15.7
4,Cidreira,BR,2022-07-24 03:24:05,-30.1811,-50.2056,61.68,98,100,8.12
5,Oregon City,US,2022-07-24 03:24:06,45.3573,-122.6068,72.46,54,0,3.24
6,Coahuayana,MX,2022-07-24 03:24:06,18.7333,-103.6833,77.77,86,40,1.41
7,Vaini,TO,2022-07-24 03:24:06,-21.2,-175.2,73.56,78,40,10.36
8,Poum,NC,2022-07-24 03:21:20,-20.2333,164.0167,74.55,72,97,10.0
9,Kapaa,US,2022-07-24 03:24:07,22.0752,-159.319,84.18,73,20,14.97
10,Punta Arenas,CL,2022-07-24 03:13:02,-53.15,-70.9167,35.71,75,0,13.8
11,Alexandria,EG,2022-07-24 03:24:07,31.2156,29.9553,77.14,75,0,9.64
12,Ancud,CL,2022-07-24 03:22:21,-41.8697,-73.8203,44.22,91,100,1.36
13,Busselton,AU,2022-07-24 03:24:08,-33.65,115.3333,57.22,50,78,8.25
14,Byron Bay,AU,2022-07-24 03:24:08,-28.65,153.6167,65.95,65,64,14.14
15,Jaisalmer,IN,2022-07-24 03:24:09,26.9147,70.9181,83.98,75,100,9.08
16,Balkanabat,TM,2022-07-24 03:24:09,39.5108,54.3671,80.51,52,0,4.88
17,Mataura,NZ,2022-07-24 03:23:55,-46.1927,168.8643,48.47,68,3,0.47
18,Port Alfred,ZA,2022-07-24 03:24:09,-33.5906,26.891,56.7,75,70,20.85
19,Qaanaaq,GL,2022-07-24 03:24:10,77.484,-69.3632,37.49,99,100,1.36
20,Mar Del Plata,AR,2022-07-24 03:24:10,-38.0023,-57.5575,53.1,98,100,5.99
21,Torata,PE,2022-07-24 03:24:10,-17.0769,-70.8433,53.91,43,46,0.25
22,Nyurba,RU,2022-07-24 03:24:11,63.2842,118.3319,78.39,47,16,12.46
23,Lebu,CL,2022-07-24 03:24:11,-37.6167,-73.65,51.49,93,100,2.89
24,Cape Town,ZA,2022-07-24 03:20:02,-33.9258,18.4232,53.46,64,1,13.91
25,Ushuaia,AR,2022-07-24 03:21:40,-54.8,-68.3,35.26,69,75,14.97
26,Yongan,CN,2022-07-24 03:24:11,39.6957,113.6871,84.15,29,12,8.21
27,Hilo,US,2022-07-24 03:22:22,19.7297,-155.09,83.28,81,100,5.01
28,Puerto Ayora,EC,2022-07-24 03:23:49,-0.7393,-90.3518,68.63,80,55,7.11
29,Chokurdakh,RU,2022-07-24 03:24:12,70.6333,147.9167,66.56,33,73,10.63
30,San Ignacio,BZ,2022-07-24 03:24:12,17.1561,-89.0714,73.2,99,100,1.61
31,Longyearbyen,SJ,2022-07-24 03:19:23,78.2186,15.6401,44.83,90,100,2.01
32,Georgetown,MY,2022-07-24 03:24:13,5.4112,100.3354,87.73,73,20,5.75
33,Rikitea,PF,2022-07-24 03:23:11,-23.1203,-134.9692,73.13,62,4,6.04
34,Tamandare,BR,2022-07-24 03:24:13,-8.7597,-35.1047,74.61,86,81,11.79
35,Flinders,AU,2022-07-24 03:24:13,-34.5833,150.8552,63.05,63,4,4.63
36,Constitucion,CL,2022-07-24 03:24:14,-35.3333,-72.4167,53.49,91,100,1.28
37,Didsbury,GB,2022-07-24 03:24:14,53.417,-2.2315,64.54,87,100,13.76
38,Port Hardy,CA,2022-07-24 03:24:14,50.6996,-127.4199,60.98,72,40,12.66
39,Hermanus,ZA,2022-07-24 03:24:15,-34.4187,19.2345,54.64,62,100,8.55
40,Lasa,IT,2022-07-24 03:24:15,46.6166,10.7002,65.28,89,19,3.44
41,Hithadhoo,MV,2022-07-24 03:24:15,-0.6,73.0833,81.41,71,100,1.81
42,Hobart,AU,2022-07-24 03:19:43,-42.8794,147.3294,60.26,76,75,4.61
43,Tuatapere,NZ,2022-07-24 03:24:16,-46.1333,167.6833,49.41,74,10,3.15
44,Bluff,NZ,2022-07-24 03:24:16,-46.6,168.3333,48.79,77,9,1.7
45,Albany,US,2022-07-24 03:20:22,42.6001,-73.9662,74.08,60,39,2.44
46,Wanaka,NZ,2022-07-24 03:24:17,-44.7,169.15,37.11,90,78,1.99
47,Trois-Rivieres,CA,2022-07-24 03:21:09,46.3501,-72.5491,75.09,85,40,8.05
48,Rosario Do Sul,BR,2022-07-24 03:24:17,-30.2583,-54.9142,65.71,96,100,5.91
49,Port-Cartier,CA,2022-07-24 03:24:17,50.0334,-66.8654,60.75,97,85,2.86
50,Okhotsk,RU,2022-07-24 03:24:18,59.3833,143.3,57.69,94,100,15.28
51,Yellowknife,CA,2022-07-24 03:24:06,62.456,-114.3525,70.32,49,75,13.8
52,Arlit,NE,2022-07-24 03:24:18,18.7369,7.3853,90.45,32,72,8.1
53,Leningradskiy,RU,2022-07-24 03:24:18,69.3833,178.4167,34.86,93,100,2.98
54,Pevek,RU,2022-07-24 03:24:19,69.7008,170.3133,37.47,80,96,8.28
55,Seoul,KR,2022-07-24 03:21:16,37.5683,126.9778,81.84,83,100,3.44
56,Port Elizabeth,ZA,2022-07-24 03:24:19,-33.918,25.5701,52.11,90,20,11.5
57,Manyana,BW,2022-07-24 03:24:19,-23.4,21.7167,56.48,46,69,5.57
58,Roma,US,2022-07-24 03:23:53,43.2128,-75.4557,69.82,76,37,4.25
59,Reading,GB,2022-07-24 03:24:20,51.4562,-0.9711,60.91,88,59,12.19
60,Dikson,RU,2022-07-24 03:24:20,73.5069,80.5464,49.98,73,100,13.76
61,Fort Nelson,CA,2022-07-24 03:24:20,58.8053,-122.7002,63.99,77,75,13.8
62,Hasaki,JP,2022-07-24 03:24:21,35.7333,140.8333,90.0,76,70,16.08
63,Aksu,CN,2022-07-24 03:24:21,41.1231,80.2644,94.32,11,47,3.29
64,Coihaique,CL,2022-07-24 03:24:21,-45.5752,-72.0662,26.55,100,100,0.0
65,Antofagasta,CL,2022-07-24 03:20:11,-23.65,-70.4,56.48,88,3,0.85
66,Avera,US,2022-07-24 03:24:22,33.194,-82.5271,80.11,66,34,6.38
67,Kajaani,FI,2022-07-24 03:24:22,64.2273,27.7285,53.65,87,0,5.75
68,Yeppoon,AU,2022-07-24 03:24:23,-23.1333,150.7333,71.38,69,0,7.34
69,Salym,RU,2022-07-24 03:24:23,60.0625,71.4789,57.6,59,94,10.27
70,Kodiak,US,2022-07-24 03:24:23,57.79,-152.4072,51.31,93,100,20.71
71,Qui Nhon,VN,2022-07-24 03:24:24,13.7667,109.2333,84.56,67,6,3.4
72,Jamestown,US,2022-07-24 03:20:26,42.097,-79.2353,71.24,78,0,10.36
73,Vila Franca Do Campo,PT,2022-07-24 03:24:24,37.7167,-25.4333,73.2,91,100,4.21
74,Hualmay,PE,2022-07-24 03:24:24,-11.0964,-77.6139,61.61,85,22,6.2
75,Bambous Virieux,MU,2022-07-24 03:24:19,-20.3428,57.7575,69.22,83,75,9.22
76,Ponta Delgada,PT,2022-07-24 03:21:12,37.7333,-25.6667,73.51,88,75,3.44
77,Bengkulu,ID,2022-07-24 03:24:25,-3.8004,102.2655,79.99,79,100,1.61
78,Turukhansk,RU,2022-07-24 03:24:25,65.8167,87.9833,59.83,95,100,3.04
79,Gorontalo,ID,2022-07-24 03:24:21,0.5412,123.0595,86.16,64,38,9.91
80,Sao Filipe,CV,2022-07-24 03:24:25,14.8961,-24.4956,76.53,88,100,4.09
81,Imbituba,BR,2022-07-24 03:24:26,-28.24,-48.6703,65.08,99,100,10.0
82,Pisco,PE,2022-07-24 03:24:26,-13.7,-76.2167,60.85,82,100,2.3
83,Saint-Philippe,RE,2022-07-24 03:24:26,-21.3585,55.7679,64.22,82,75,11.92
84,Padre Paraiso,BR,2022-07-24 03:24:27,-17.0742,-41.4844,56.19,96,0,2.66
85,Weligama,LK,2022-07-24 03:24:27,5.9667,80.4167,80.76,80,82,12.55
86,Atuona,PF,2022-07-24 03:23:54,-9.8,-139.0333,77.25,73,32,16.64
87,Iqaluit,CA,2022-07-24 03:24:28,63.7506,-68.5145,46.13,93,100,0.0
88,Santa Cruz,BO,2022-07-24 03:24:28,-17.8,-63.1667,70.7,67,0,6.31
89,Nikolayevsk-Na-Amure,RU,2022-07-24 03:24:28,53.1406,140.73,82.87,37,1,2.98
90,Lagoa,PT,2022-07-24 03:24:28,39.05,-27.9833,72.03,92,0,9.95
91,Xining,CN,2022-07-24 03:21:56,36.6167,101.7667,73.8,49,0,2.37
92,San Jose,US,2022-07-24 03:22:26,37.3394,-121.895,76.28,62,0,12.66
93,Avarua,CK,2022-07-24 03:24:29,-21.2078,-159.775,71.65,56,75,6.91
94,Airai,TL,2022-07-24 03:24:29,-8.9266,125.4092,69.3,47,7,3.58
95,Bethanien,NA,2022-07-24 03:24:30,-26.502,17.1583,46.33,71,3,2.28
96,Guerrero Negro,MX,2022-07-24 03:20:49,27.9769,-114.0611,67.46,80,34,14.0
97,Erenhot,CN,2022-07-24 03:24:30,43.6475,111.9767,88.32,19,96,19.62
98,Fortuna,US,2022-07-24 03:24:31,40.5982,-124.1573,57.38,84,1,5.35
99,Thompson,CA,2022-07-24 03:24:31,55.7435,-97.8558,59.16,63,100,4.61
100,Provideniya,RU,2022-07-24 03:24:31,64.3833,-173.3,44.51,88,100,4.99
101,Pacifica,US,2022-07-24 03:22:00,37.6138,-122.4869,67.23,91,20,16.11
102,Caborca,MX,2022-07-24 03:24:32,30.5838,-111.101,87.89,45,69,18.59
103,Tiksi,RU,2022-07-24 03:24:32,71.6872,128.8694,48.72,73,50,8.1
104,Castro,BR,2022-07-24 03:24:32,-24.7911,-50.0119,57.47,75,51,2.82
105,Chuy,UY,2022-07-24 03:24:33,-33.6971,-53.4616,59.7,96,100,6.53
106,Moengo,SR,2022-07-24 03:24:33,5.6167,-54.4,72.39,99,100,1.59
107,Santona,ES,2022-07-24 03:24:33,43.4439,-3.4576,67.06,75,0,5.91
108,Bethel,US,2022-07-24 03:24:34,41.3712,-73.414,79.11,75,0,0.0
109,Bulaevo,KZ,2022-07-24 03:24:34,54.9056,70.4439,60.49,61,19,10.25
110,Conceicao Do Araguaia,BR,2022-07-24 03:24:34,-8.2578,-49.2647,72.14,47,64,2.28
111,Road Town,VG,2022-07-24 03:24:34,18.4167,-64.6167,78.89,76,1,22.39
112,New Norfolk,AU,2022-07-24 03:24:35,-42.7826,147.0587,59.92,73,67,2.51
113,Axim,GH,2022-07-24 03:24:35,4.8699,-2.2405,74.48,83,72,7.56
114,Asfi,MA,2022-07-24 03:24:35,32.2994,-9.2372,74.48,80,81,14.5
115,Barrow,US,2022-07-24 03:24:36,71.2906,-156.7887,37.42,87,100,11.5
116,Boyolangu,ID,2022-07-24 03:24:36,-8.1181,111.8935,77.79,73,96,12.15
117,Williams Lake,CA,2022-07-24 03:24:36,52.1415,-122.1445,78.37,33,75,5.75
118,Lompoc,US,2022-07-24 03:24:37,34.6391,-120.4579,57.85,86,4,11.92
119,Upernavik,GL,2022-07-24 03:24:37,72.7868,-56.1549,42.55,97,100,1.23
120,Seydi,TM,2022-07-24 03:24:37,39.4816,62.9137,92.19,25,0,13.89
121,Melito Di Porto Salvo,IT,2022-07-24 03:24:38,37.9222,15.7714,82.54,65,0,13.8
122,Manta,EC,2022-07-24 03:24:38,-0.95,-80.7333,71.38,83,75,8.05
123,Geraldton,AU,2022-07-24 03:24:38,-28.7667,114.6,63.01,63,2,10.36
124,Jodhpur,IN,2022-07-24 03:24:39,26.2867,73.03,82.44,73,100,7.25
125,Gusinoye Ozero,RU,2022-07-24 03:24:39,51.1144,106.2614,63.43,71,100,0.31
126,Anadyr,RU,2022-07-24 03:24:39,64.75,177.4833,57.7,47,75,11.18
127,Beringovskiy,RU,2022-07-24 03:24:40,63.05,179.3167,45.52,75,100,14.14
128,Kasongo-Lunda,CD,2022-07-24 03:24:40,-6.4667,16.8167,73.47,76,99,1.3
129,Boa Vista,BR,2022-07-24 03:20:02,2.8197,-60.6733,74.43,92,100,4.43
130,Na Wa,TH,2022-07-24 03:24:40,17.4897,104.1006,87.84,66,15,1.59
131,Agirish,RU,2022-07-24 03:24:41,61.9247,63.0231,58.64,61,76,6.6
132,Ossora,RU,2022-07-24 03:24:41,59.2353,163.0719,57.25,63,9,11.39
133,Lesnoy,RU,2022-07-24 03:24:41,57.6198,63.0784,63.64,68,93,6.02
134,Chara,RU,2022-07-24 03:24:42,56.9064,118.2631,78.53,47,41,6.46
135,Lorengau,PG,2022-07-24 03:24:42,-2.0226,147.2712,85.51,70,41,10.54
136,Caravelas,BR,2022-07-24 03:24:42,-17.7125,-39.2481,68.94,78,0,5.35
137,Ponta Do Sol,PT,2022-07-24 03:24:43,32.6667,-17.1,80.71,52,6,2.77
138,Wukari,NG,2022-07-24 03:24:43,7.85,9.7833,71.08,94,100,3.0
139,Ejea De Los Caballeros,ES,2022-07-24 03:24:43,42.1263,-1.1372,71.51,60,0,2.01
140,Teya,RU,2022-07-24 03:24:44,60.3778,92.6267,62.44,52,1,7.23
141,Te Anau,NZ,2022-07-24 03:24:44,-45.4167,167.7167,47.71,74,20,0.67
142,Plettenberg Bay,ZA,2022-07-24 03:24:44,-34.0527,23.3716,52.52,79,98,8.08
143,Nikolskoye,RU,2022-07-24 03:23:55,59.7035,30.7861,64.8,97,99,4.0
144,Atar,MR,2022-07-24 03:24:45,20.5169,-13.0499,84.6,52,100,2.06
145,Fort-Shevchenko,KZ,2022-07-24 03:24:45,44.5086,50.263,72.34,72,69,21.81
146,Kerema,PG,2022-07-24 03:24:45,-7.9631,145.7785,81.95,78,57,8.12
147,Ziro,IN,2022-07-24 03:24:46,27.6333,93.8333,59.74,82,89,1.45
148,Nome,US,2022-07-24 03:24:46,64.5011,-165.4064,49.12,79,97,13.69
149,Vila Velha,BR,2022-07-24 03:23:38,-20.3297,-40.2925,69.85,83,12,5.99
150,Yelizavetino,RU,2022-07-24 03:24:46,59.4916,29.7938,63.16,98,100,4.0
151,Gohana,IN,2022-07-24 03:24:47,29.1333,76.7,88.07,59,87,12.41
152,East London,ZA,2022-07-24 03:24:47,-33.0153,27.9116,52.74,71,20,17.27
153,Carnarvon,AU,2022-07-24 03:24:35,-24.8667,113.6333,64.81,51,20,19.17
154,Yanam,IN,2022-07-24 03:24:48,16.7333,82.2167,80.22,79,100,5.93
155,Grand Gaube,MU,2022-07-24 03:24:48,-20.0064,57.6608,69.39,75,69,5.01
156,Yerbogachen,RU,2022-07-24 03:24:48,61.2767,108.0108,75.54,60,85,7.56
157,Ndele,CF,2022-07-24 03:24:49,8.4109,20.6473,67.44,95,97,3.24
158,Rincon,US,2022-07-24 03:24:49,32.296,-81.2354,83.86,89,20,3.44
159,Tasiilaq,GL,2022-07-24 03:24:49,65.6145,-37.6368,33.96,89,98,10.2
160,Koumac,NC,2022-07-24 03:23:53,-20.5667,164.2833,75.51,71,90,6.13
161,Puerto Carreno,CO,2022-07-24 03:24:50,6.189,-67.4859,76.37,86,100,3.71
162,Barmer,IN,2022-07-24 03:24:50,25.75,71.3833,81.81,79,72,4.03
163,Half Moon Bay,US,2022-07-24 03:24:50,37.4636,-122.4286,54.93,88,54,6.85
164,Kaeo,NZ,2022-07-24 03:24:51,-35.1,173.7833,58.32,92,100,20.13
165,Waterbury,US,2022-07-24 03:24:51,41.5582,-73.0515,79.65,72,0,3.44
166,Aubenas,FR,2022-07-24 03:24:51,44.6201,4.3899,69.46,74,5,5.7
167,Baghdad,IQ,2022-07-24 03:24:52,33.3406,44.4009,80.51,32,0,6.91
168,Charleston,US,2022-07-24 03:20:41,32.7766,-79.9309,82.42,92,20,6.91
169,Noumea,NC,2022-07-24 03:24:52,-22.2763,166.4572,72.81,89,100,10.25
170,Thrissur,IN,2022-07-24 03:24:52,10.5167,76.2167,77.41,87,100,0.38
171,Dhidhdhoo,MV,2022-07-24 03:24:53,6.8833,73.1,81.46,75,29,14.99
172,Tuy Hoa,VN,2022-07-24 03:24:53,13.0833,109.3,86.02,64,73,3.78
173,Mahebourg,MU,2022-07-24 03:24:53,-20.4081,57.7,69.26,83,75,9.22
174,Sinnamary,GF,2022-07-24 03:24:54,5.3833,-52.95,77.81,86,97,8.34
175,Cabo San Lucas,MX,2022-07-24 03:20:17,22.8909,-109.9124,80.51,84,97,5.75
176,San Quintin,MX,2022-07-24 03:24:54,30.4833,-115.95,67.28,81,12,7.45
177,Eureka,US,2022-07-24 03:21:47,40.8021,-124.1637,60.19,80,3,1.01
178,Severo-Kurilsk,RU,2022-07-24 03:24:55,50.6789,156.125,57.18,90,100,5.35
179,Saraland,US,2022-07-24 03:24:55,30.8207,-88.0706,84.22,87,14,5.17
180,Agadez,NE,2022-07-24 03:24:55,19.75,10.25,87.73,16,86,6.91
181,Ust-Kut,RU,2022-07-24 03:24:55,56.7938,105.7672,60.37,98,100,0.92
182,Kalmunai,LK,2022-07-24 03:24:56,7.4167,81.8167,81.91,71,100,2.35
183,Antalaha,MG,2022-07-24 03:24:56,-14.9003,50.2788,66.85,90,82,6.15
184,Kavieng,PG,2022-07-24 03:24:56,-2.5744,150.7967,85.66,64,25,7.99
185,Arraial Do Cabo,BR,2022-07-24 03:24:57,-22.9661,-42.0278,71.01,88,24,21.77
186,Laurel,US,2022-07-24 03:24:57,39.0993,-76.8483,80.69,73,0,0.0
187,Mandalgovi,MN,2022-07-24 03:24:57,45.7625,106.2708,71.04,38,40,10.96
188,Vestmannaeyjar,IS,2022-07-24 03:24:58,63.4427,-20.2734,53.01,87,79,3.69
189,Aklavik,CA,2022-07-24 03:24:58,68.2191,-135.0107,45.1,82,100,10.58
190,Tessalit,ML,2022-07-24 03:24:58,20.1986,1.0114,82.6,50,65,24.92
191,Norman Wells,CA,2022-07-24 03:24:59,65.282,-126.8329,64.44,72,75,5.75
192,Titisee-Neustadt,DE,2022-07-24 03:24:59,47.9,8.1667,63.34,90,60,0.98
193,Ilulissat,GL,2022-07-24 03:24:59,69.2167,-51.1,38.19,99,100,1.12
194,Tomatlan,MX,2022-07-24 03:25:00,19.9333,-105.25,77.47,90,100,0.83
195,Yulara,AU,2022-07-24 03:25:00,-25.2406,130.9889,77.32,17,0,23.64
196,Ca Mau,VN,2022-07-24 03:25:00,9.1769,105.15,85.86,67,92,4.36
197,Maceio,BR,2022-07-24 03:25:00,-9.6658,-35.7353,74.64,88,100,5.75
198,Laguna,US,2022-07-24 03:25:01,38.421,-121.4238,91.4,34,0,9.22
199,Saskylakh,RU,2022-07-24 03:25:01,71.9167,114.0833,64.31,60,10,4.74
200,Nishihara,JP,2022-07-24 03:25:01,26.1842,127.7558,87.82,70,17,7.72
201,Suslovo,RU,2022-07-24 03:25:02,56.2167,88.1167,60.4,78,97,8.01
202,Galesong,ID,2022-07-24 03:25:02,-5.3166,119.3661,86.02,63,41,7.52
203,Klaksvik,FO,2022-07-24 03:25:02,62.2266,-6.589,50.61,90,98,22.53
204,Vao,NC,2022-07-24 03:25:03,-22.6667,167.4833,71.87,91,92,9.73
205,Ketchikan,US,2022-07-24 03:25:03,55.3422,-131.6461,57.54,90,100,5.06
206,Ahipara,NZ,2022-07-24 03:23:08,-35.1667,173.1667,56.75,91,100,21.23
207,Luau,AO,2022-07-24 03:25:03,-10.7073,22.2247,59.79,44,17,4.43
208,Alofi,NU,2022-07-24 03:25:04,-19.0595,-169.9187,75.09,64,94,14.97
209,Ust-Tsilma,RU,2022-07-24 03:25:04,65.441,52.1498,54.18,69,100,5.03
210,Faanui,PF,2022-07-24 03:25:04,-16.4833,-151.75,79.66,73,0,11.99
211,Codrington,AU,2022-07-24 03:25:05,-38.2667,141.9667,62.31,69,6,10.54
212,Torbay,CA,2022-07-24 03:24:09,47.6666,-52.7314,68.88,82,0,11.5
213,Hrodna,BY,2022-07-24 03:25:05,53.6884,23.8258,64.26,93,75,13.42
214,Phalaborwa,ZA,2022-07-24 03:25:05,-23.943,31.1411,61.3,59,1,4.43
215,Namibe,AO,2022-07-24 03:24:20,-15.1961,12.1522,62.47,90,1,2.86
216,Ribeira Grande,PT,2022-07-24 03:25:06,38.5167,-28.7,73.44,89,12,5.23
217,Narsaq,GL,2022-07-24 03:25:06,60.9167,-46.05,46.62,85,100,1.92
218,Pauini,BR,2022-07-24 03:25:06,-7.7136,-66.9764,76.86,78,99,1.9
219,Staryy Nadym,RU,2022-07-24 03:25:07,65.6118,72.6842,48.65,91,100,20.83
220,Lakes Entrance,AU,2022-07-24 03:25:07,-37.8811,147.981,65.16,50,56,4.03
221,San Ramon De La Nueva Oran,AR,2022-07-24 03:25:07,-23.1322,-64.326,67.42,69,0,2.71
222,Kuzino,RU,2022-07-24 03:25:08,57.0224,59.4412,64.94,67,35,5.35
223,Cayenne,GF,2022-07-24 03:25:08,4.9333,-52.3333,83.08,3,20,0.0
224,Qujing,CN,2022-07-24 03:25:08,25.4833,103.7833,72.97,69,37,10.54
225,Kahului,US,2022-07-24 03:25:09,20.8947,-156.47,84.22,63,40,14.97
226,Marystown,CA,2022-07-24 03:25:09,47.1666,-55.1483,62.85,100,52,7.92
227,Novo Aripuana,BR,2022-07-24 03:25:09,-5.1206,-60.3797,77.72,58,90,1.54
228,Porto Novo,BJ,2022-07-24 03:25:10,6.4965,2.6036,78.62,91,90,4.85
229,Vung Tau,VN,2022-07-24 03:22:54,10.346,107.0843,83.19,74,15,6.96
230,Yeovil,GB,2022-07-24 03:25:10,50.9416,-2.6321,64.62,93,100,16.11
231,Hamina,FI,2022-07-24 03:25:11,60.5697,27.1979,61.88,90,100,6.44
232,San Rafael,AR,2022-07-24 03:22:37,-34.6177,-68.3301,52.3,39,70,7.02
233,Los Llanos De Aridane,ES,2022-07-24 03:25:11,28.6585,-17.9182,67.75,94,100,6.91
234,La Ronge,CA,2022-07-24 03:24:41,55.1001,-105.2842,61.05,82,75,2.3
235,Mogadishu,SO,2022-07-24 03:23:40,2.0371,45.3438,75.16,84,81,21.21
236,Pavino,RU,2022-07-24 03:25:12,59.1139,46.1414,66.54,77,2,4.25
237,Vallenar,CL,2022-07-24 03:25:12,-28.5708,-70.7581,56.91,79,0,1.23
238,Praia Da Vitoria,PT,2022-07-24 03:25:12,38.7333,-27.0667,70.75,94,20,2.98
239,Dire,ML,2022-07-24 03:25:12,12.2833,-10.9667,72.57,96,100,2.24
240,Sakakah,SA,2022-07-24 03:25:13,29.9697,40.2064,83.77,19,0,9.19
241,Arinos,BR,2022-07-24 03:25:13,-15.9169,-46.1056,65.26,56,78,1.23
242,Kumluca,TR,2022-07-24 03:25:13,36.3703,30.2869,81.81,32,0,9.01
243,Puerto Del Rosario,ES,2022-07-24 03:24:38,28.5004,-13.8627,76.75,73,0,10.36
244,Port Augusta,AU,2022-07-24 03:25:14,-32.5,137.7667,71.17,33,91,19.86
245,Inhambane,MZ,2022-07-24 03:25:14,-23.865,35.3833,63.36,88,0,8.25
246,Zadar,HR,2022-07-24 03:25:15,44.1197,15.2422,79.57,45,39,5.41
247,Cherskiy,RU,2022-07-24 03:25:15,68.75,161.3,64.2,38,39,7.7
248,Shingu,JP,2022-07-24 03:25:15,33.7333,135.9833,83.17,64,79,5.19
249,Taltal,CL,2022-07-24 03:20:20,-25.4,-70.4833,56.98,83,47,1.48
250,Cuamba,MZ,2022-07-24 03:25:16,-14.8031,36.5372,59.22,80,10,1.66
251,Zhaoyang,CN,2022-07-24 03:25:16,42.682,126.0305,72.68,84,93,8.1
252,Pinawa,CA,2022-07-24 03:25:16,50.1489,-95.8811,57.33,94,18,8.19
253,Aden,YE,2022-07-24 03:22:18,12.7794,45.0367,81.99,77,88,6.6
254,Nanortalik,GL,2022-07-24 03:25:17,60.1432,-45.2371,43.02,94,100,8.75
255,Tuktoyaktuk,CA,2022-07-24 03:25:17,69.4541,-133.0374,46.4,100,100,13.8
256,Nemencine,LT,2022-07-24 03:25:17,54.85,25.4833,64.92,99,100,0.89
257,Kifri,IQ,2022-07-24 03:25:18,34.6959,44.9661,88.75,15,0,5.82
258,Kisangani,CD,2022-07-24 03:25:18,0.5167,25.2,69.13,98,38,2.04
259,Buala,SB,2022-07-24 03:25:18,-8.145,159.5921,85.64,65,28,7.18
260,Pedasi,PA,2022-07-24 03:25:19,7.5333,-80.0333,78.06,81,100,4.21
261,Winslow,US,2022-07-24 03:25:19,35.0242,-110.6974,77.36,48,100,7.49
262,Esperance,AU,2022-07-24 03:25:19,-33.8667,121.9,51.64,58,95,20.58
263,Kibondo,TZ,2022-07-24 03:25:20,-3.5864,30.7203,59.14,60,59,2.51
264,West Wendover,US,2022-07-24 03:25:20,40.7391,-114.0733,88.81,14,0,5.75
265,Walvis Bay,NA,2022-07-24 03:25:20,-22.9575,14.5053,55.09,93,0,6.91
266,Nizhniy Tsasuchey,RU,2022-07-24 03:25:21,50.5167,115.1333,74.26,51,100,11.14
267,Cockburn Town,TC,2022-07-24 03:12:19,21.4612,-71.1419,81.93,75,17,20.27
268,Susanville,US,2022-07-24 03:25:21,40.4163,-120.653,84.04,16,0,10.36
269,Zaykovo,RU,2022-07-24 03:25:21,57.5613,62.7568,65.75,66,91,6.35
270,Nanakuli,US,2022-07-24 03:25:22,21.3906,-158.1547,84.15,54,0,17.27
271,Luoyang,CN,2022-07-24 03:25:22,34.6836,112.4536,87.03,50,0,3.62
272,Meulaboh,ID,2022-07-24 03:25:22,4.1363,96.1285,81.99,74,85,2.98
273,Honiara,SB,2022-07-24 03:25:23,-9.4333,159.95,85.77,67,33,4.92
274,Bowen,AU,2022-07-24 03:25:23,-20.0167,148.2333,70.88,65,2,13.09
275,Bouna,CI,2022-07-24 03:25:23,9.2667,-3.0,68.38,97,100,3.27
276,Clyde River,CA,2022-07-24 03:25:24,70.4692,-68.5914,41.14,82,100,1.79
277,Marzuq,YE,2022-07-24 03:25:24,14.4,46.4667,75.29,67,76,4.59
278,Sept-Iles,CA,2022-07-24 03:25:24,50.2001,-66.3821,59.13,96,48,2.57
279,Kargasok,RU,2022-07-24 03:25:25,59.0556,80.8572,58.21,61,44,7.43
280,Waddan,LY,2022-07-24 03:25:25,29.1614,16.139,74.14,53,0,5.21
281,Bundaberg,AU,2022-07-24 03:25:25,-24.85,152.35,68.63,67,17,9.13
282,Omsk,RU,2022-07-24 03:25:26,55.0,73.4,58.89,72,75,13.42
283,El Alto,PE,2022-07-24 03:25:26,-4.2714,-81.2147,62.13,86,11,13.0
284,Chortomlyk,UA,2022-07-24 03:25:26,47.6232,34.142,67.24,75,0,9.69
285,Ulaangom,MN,2022-07-24 03:25:27,49.9811,92.0667,66.74,43,81,5.44
286,Campbell River,CA,2022-07-24 03:25:27,50.0163,-125.2446,73.78,46,20,5.75
287,Saldanha,ZA,2022-07-24 03:23:54,-33.0117,17.9442,51.53,71,0,14.18
288,Lagos,NG,2022-07-24 03:23:54,6.5833,3.75,73.69,94,100,2.91
289,Bonavista,CA,2022-07-24 03:25:28,48.6499,-53.1147,64.38,94,3,8.16
290,Isangel,VU,2022-07-24 03:22:48,-19.55,169.2667,80.8,74,1,11.16
291,Verkhnyaya Inta,RU,2022-07-24 03:25:28,65.9811,60.3094,53.87,78,88,15.35
292,Svitavy,CZ,2022-07-24 03:25:28,49.7559,16.4683,61.88,52,55,4.83
293,Bandarbeyla,SO,2022-07-24 03:25:29,9.4942,50.8122,77.74,72,74,26.51
294,Hillsboro,US,2022-07-24 03:25:29,45.5229,-122.9898,74.64,60,0,8.05
295,Dunedin,NZ,2022-07-24 03:25:30,-45.8742,170.5036,47.35,66,0,7.0
296,Cravo Norte,CO,2022-07-24 03:25:30,6.3017,-70.2041,75.38,87,99,3.94
297,Sabana Grande De Boya,DO,2022-07-24 03:25:30,18.945,-69.7933,73.8,96,14,3.11
298,Nhulunbuy,AU,2022-07-24 03:25:16,-12.2333,136.7667,79.45,66,97,8.08
299,Sao Joao Da Barra,BR,2022-07-24 03:24:07,-21.6403,-41.0511,71.69,82,1,15.37
300,Batagay-Alyta,RU,2022-07-24 03:25:31,67.8006,130.4114,58.48,80,100,7.29
301,Kutum,SD,2022-07-24 03:25:31,14.2,24.6667,75.9,62,100,9.48
302,Dingle,PH,2022-07-24 03:25:31,10.9995,122.6711,85.53,72,100,0.92
303,Saint George,US,2022-07-24 03:16:31,37.1041,-113.5841,97.39,28,0,12.66
304,Krasnoselkup,RU,2022-07-24 03:25:32,65.7,82.4667,65.03,81,100,6.58
305,Teyateyaneng,LS,2022-07-24 03:25:32,-29.1472,27.7489,42.01,94,69,2.86
306,Mayo,US,2022-07-24 03:25:32,38.8876,-76.5119,81.18,72,0,3.44
307,Nabire,ID,2022-07-24 03:25:33,-3.3667,135.4833,82.27,81,98,2.57
308,Shenjiamen,CN,2022-07-24 03:25:33,29.9576,122.298,81.12,79,13,8.79
309,Deputatskiy,RU,2022-07-24 03:24:31,69.3,139.9,61.63,49,28,11.81
310,Port-Gentil,GA,2022-07-24 03:25:33,-0.7193,8.7815,73.11,79,77,8.14
311,Kaitangata,NZ,2022-07-24 03:25:34,-46.2817,169.8464,45.97,62,9,2.06
312,Andenes,NO,2022-07-24 03:25:34,69.3143,16.1194,49.98,81,100,4.61
313,Ixtapa,MX,2022-07-24 03:25:17,20.7,-105.2,77.56,93,43,1.99
314,Yining,CN,2022-07-24 03:25:35,29.0361,114.5636,91.74,62,88,4.43
315,Scarborough,GB,2022-07-24 03:25:16,54.2797,-0.4044,65.77,87,100,5.99
316,Fukue,JP,2022-07-24 03:25:35,32.6881,128.8419,82.27,85,55,13.31
317,Camapua,BR,2022-07-24 03:25:36,-19.5314,-54.0439,72.21,40,100,4.9
318,Rajgarh,IN,2022-07-24 03:25:36,28.6333,75.3833,87.71,61,88,17.94
319,Manicore,BR,2022-07-24 03:25:36,-5.8092,-61.3003,73.35,94,0,0.0
320,Amga,RU,2022-07-24 03:25:36,60.8953,131.9608,80.06,40,0,4.74
321,Mattru,SL,2022-07-24 03:25:37,7.6244,-11.8332,72.63,95,100,2.13
322,Hervey Bay,AU,2022-07-24 03:25:37,-25.2986,152.8535,67.14,72,24,14.56
323,Tianpeng,CN,2022-07-24 03:25:38,30.9866,103.9393,78.03,75,77,1.43
324,Reconquista,AR,2022-07-24 03:22:39,-29.15,-59.65,68.36,90,99,6.49
325,Grindavik,IS,2022-07-24 03:25:38,63.8424,-22.4338,51.64,86,41,9.93
326,Beloha,MG,2022-07-24 03:25:38,-25.1667,45.05,62.06,66,0,4.92
327,Dossor,KZ,2022-07-24 03:25:39,47.5272,52.9811,77.54,52,57,7.87
328,Richards Bay,ZA,2022-07-24 03:25:39,-28.783,32.0377,63.93,83,75,21.99
329,Khatanga,RU,2022-07-24 03:25:39,71.9667,102.5,76.32,46,40,11.65
330,Baykit,RU,2022-07-24 03:25:40,61.67,96.37,57.09,90,97,8.05
331,Asau,RO,2022-07-24 03:24:18,46.4333,26.4,67.84,55,5,4.88
332,Yermakovskoye,RU,2022-07-24 03:25:40,53.2831,92.4003,68.47,58,60,5.53
333,Maragogi,BR,2022-07-24 03:25:40,-9.0122,-35.2225,74.7,84,84,12.26
334,Kokopo,PG,2022-07-24 03:25:41,-4.352,152.2633,86.54,63,29,16.82
335,Peterhead,GB,2022-07-24 03:25:41,57.5058,-1.7981,58.42,98,100,21.92
336,Sillod,IN,2022-07-24 03:25:41,20.3,75.65,72.39,90,100,12.71
337,Shache,CN,2022-07-24 03:25:42,38.4167,77.2406,93.92,10,6,5.82
338,Fairbanks,US,2022-07-24 03:20:51,64.8378,-147.7164,68.02,42,0,8.05
339,Kawalu,ID,2022-07-24 03:25:42,-7.3817,108.2082,75.56,88,98,4.14
340,Baruun-Urt,MN,2022-07-24 03:25:42,46.6806,113.2792,74.66,39,100,7.05
341,Kapoeta,SS,2022-07-24 03:25:43,4.7717,33.5903,74.53,61,63,3.09
342,Kruisfontein,ZA,2022-07-24 03:25:43,-34.0033,24.7314,50.32,82,74,12.95
343,Tura,IN,2022-07-24 03:25:43,25.5198,90.2201,74.68,96,100,2.66
344,Alghero,IT,2022-07-24 03:25:44,40.5589,8.3181,69.89,94,0,1.14
345,Mount Gambier,AU,2022-07-24 03:25:44,-37.8333,140.7667,61.32,68,36,9.6
346,Barabai,ID,2022-07-24 03:25:44,-2.5833,115.3833,89.87,51,37,0.94
347,Goderich,CA,2022-07-24 03:25:45,43.7501,-81.7165,78.91,65,60,11.5
348,Zhigansk,RU,2022-07-24 03:25:45,66.7697,123.3711,62.2,64,36,10.92
349,Sangar,RU,2022-07-24 03:25:45,63.9242,127.4739,76.91,45,23,9.62
350,Trelew,AR,2022-07-24 03:25:46,-43.249,-65.3051,39.13,96,100,8.81
351,Esil,KZ,2022-07-24 03:25:46,51.9556,66.4042,68.67,58,5,5.59
352,Mackay,AU,2022-07-24 03:25:46,-21.15,149.2,75.69,76,10,10.94
353,Hovd,MN,2022-07-24 03:25:46,48.0056,91.6419,66.99,33,41,4.18
354,Nemuro,JP,2022-07-24 03:25:47,43.3236,145.575,63.68,90,91,4.9
355,Opuwo,NA,2022-07-24 03:25:43,-18.0607,13.84,58.08,37,0,3.6
356,Morro Bay,US,2022-07-24 03:25:47,35.3658,-120.8499,78.19,90,26,4.0
357,Wanning,CN,2022-07-24 03:25:48,18.8003,110.3967,88.27,62,0,4.16
358,Ampanihy,MG,2022-07-24 03:25:48,-24.7,44.75,60.91,67,0,5.55
359,Namatanai,PG,2022-07-24 03:25:48,-3.6667,152.4333,84.61,69,86,9.75
360,Sabha,LY,2022-07-24 03:25:48,27.0377,14.4283,77.09,27,0,11.05
361,Milkovo,RU,2022-07-24 03:25:49,54.7167,158.6167,76.28,40,37,4.79
362,Iralaya,HN,2022-07-24 03:25:49,15.0,-83.2333,79.43,85,82,8.19
363,Whitehorse,CA,2022-07-24 03:22:40,60.7161,-135.0538,65.17,29,40,12.66
364,Sao Gabriel Da Cachoeira,BR,2022-07-24 03:25:50,-0.1303,-67.0892,71.8,99,100,2.19
365,Minggang,CN,2022-07-24 03:25:50,32.4586,114.0486,86.31,57,0,6.2
366,Saint-Augustin,CA,2022-07-24 03:25:50,51.226,-58.6502,59.77,87,45,1.54
367,Acapulco,MX,2022-07-24 03:24:28,16.8634,-99.8901,80.85,81,88,1.48
368,Saint Anthony,US,2022-07-24 03:25:51,45.0205,-93.218,73.51,69,39,6.62
369,Bulawayo,ZW,2022-07-24 03:25:51,-20.15,28.5833,52.52,60,6,5.14
370,Mulchen,CL,2022-07-24 03:25:51,-37.7167,-72.2333,51.08,99,100,2.1
371,Padang,ID,2022-07-24 03:25:52,-0.9492,100.3543,82.45,67,45,3.27
372,Adrar,MR,2022-07-24 03:25:52,20.5022,-10.0711,87.35,48,18,14.16
373,Boguchany,RU,2022-07-24 03:25:52,58.3814,97.4531,68.04,46,32,7.05
374,Saint-Pierre,RE,2022-07-24 03:25:53,-21.3393,55.4781,66.9,79,0,6.91
375,Segezha,RU,2022-07-24 03:25:53,63.7415,34.3222,57.96,96,91,6.46
376,Porto Seguro,BR,2022-07-24 03:25:53,-16.4497,-39.0647,73.92,73,75,8.05
377,Ulcinj,ME,2022-07-24 03:25:54,41.9294,19.2244,77.34,54,0,3.38
378,Sumbe,AO,2022-07-24 03:25:54,-11.2061,13.8437,68.9,91,97,1.16
379,Marivan,IR,2022-07-24 03:25:54,35.5219,46.176,72.93,19,0,4.88
380,Pilkhuwa,IN,2022-07-24 03:25:55,28.7167,77.65,88.56,59,47,12.95
381,Damme,DE,2022-07-24 03:25:55,52.5167,8.2,59.97,80,45,4.0
382,High Prairie,CA,2022-07-24 03:25:55,55.4334,-116.4858,69.89,58,91,3.33
383,Sitka,US,2022-07-24 03:25:56,57.0531,-135.33,54.34,94,100,4.12
384,Port Keats,AU,2022-07-24 03:25:56,-14.25,129.55,83.91,15,7,4.05
385,Shellbrook,CA,2022-07-24 03:25:56,53.2168,-106.4011,58.23,66,93,6.38
386,Bonthe,SL,2022-07-24 03:25:57,7.5264,-12.505,74.93,88,100,5.84
387,Petropavlovsk-Kamchatskiy,RU,2022-07-24 03:25:57,53.0452,158.6483,68.59,64,20,15.66
388,Saint-Francois,FR,2022-07-24 03:25:57,46.4154,3.9054,57.67,100,34,0.0
389,Bathsheba,BB,2022-07-24 03:24:30,13.2167,-59.5167,81.21,86,20,16.11
390,Husavik,IS,2022-07-24 03:24:54,66.0449,-17.3389,44.35,94,97,1.28
391,Luderitz,NA,2022-07-24 03:25:58,-26.6481,15.1594,56.77,63,0,14.07
392,Bilibino,RU,2022-07-24 03:25:58,68.0546,166.4372,63.27,32,98,3.8
393,Bima,ID,2022-07-24 03:25:59,-8.4667,118.7167,86.27,41,38,6.33
394,Cedar City,US,2022-07-24 03:22:48,37.6775,-113.0619,77.04,41,88,6.96
395,Portland,US,2022-07-24 03:21:39,45.5234,-122.6762,75.18,61,20,9.22
396,Rio Gallegos,AR,2022-07-24 03:25:59,-51.6226,-69.2181,26.65,93,0,14.97
397,Nampula,MZ,2022-07-24 03:25:59,-15.1165,39.2666,64.35,100,75,4.61
398,Palu,ID,2022-07-24 03:26:00,-0.8917,119.8707,86.58,70,36,2.26
399,Ailigandi,PA,2022-07-24 03:26:00,9.2333,-78.0167,78.35,87,44,4.09
400,Quelimane,MZ,2022-07-24 03:26:00,-17.8786,36.8883,62.55,94,0,2.3
401,Broome,US,2022-07-24 03:26:01,42.2506,-75.833,65.97,94,70,1.83
402,Joaima,BR,2022-07-24 03:26:01,-16.6542,-41.0306,62.13,90,14,2.06
403,Lata,PT,2022-07-24 03:26:01,40.1629,-8.3327,57.85,78,0,0.89
404,Vostok,RU,2022-07-24 03:26:02,46.4856,135.8833,64.87,93,91,3.53
405,Reo,BF,2022-07-24 03:26:02,12.3167,-2.4667,72.72,90,96,8.21
406,Shumskiy,RU,2022-07-24 03:26:02,54.8318,99.1328,70.57,49,93,0.92
407,Acarau,BR,2022-07-24 03:26:03,-2.8856,-40.12,78.46,84,41,13.8
408,Jalu,LY,2022-07-24 03:26:03,29.0331,21.5482,76.41,63,0,7.96
409,Brigham City,US,2022-07-24 03:26:03,41.5102,-112.0155,79.0,18,0,2.89
410,Daru,PG,2022-07-24 03:26:04,-9.0763,143.2092,79.59,81,95,14.63
411,Coquimbo,CL,2022-07-24 03:26:04,-29.9533,-71.3436,53.33,87,100,2.3
412,Kropotkin,RU,2022-07-24 03:26:04,45.4375,40.5756,61.21,78,34,7.83
413,Ayan,RU,2022-07-24 03:26:05,56.45,138.1667,66.15,70,88,10.0
414,Rio De Janeiro,BR,2022-07-24 03:26:05,-22.9028,-43.2075,66.2,88,22,2.3
415,Pinega,RU,2022-07-24 03:26:05,64.7001,43.3936,54.14,98,100,7.56
416,Necochea,AR,2022-07-24 03:26:06,-38.5473,-58.7368,52.32,88,100,6.13
417,Liverpool,GB,2022-07-24 03:26:06,53.4106,-2.9779,66.29,86,75,14.97
418,Harper,LR,2022-07-24 03:26:06,4.375,-7.7169,74.79,73,93,5.61
419,Garachine,PA,2022-07-24 03:26:07,8.0647,-78.3628,77.85,88,100,8.93
420,Barpali,IN,2022-07-24 03:26:07,21.2,83.5833,81.28,80,88,3.33
421,Guisa,CU,2022-07-24 03:26:07,20.255,-76.5386,72.3,94,100,5.08
422,Colac,AU,2022-07-24 03:26:08,-38.3333,143.5833,60.28,67,29,6.55
423,Northam,GB,2022-07-24 03:26:08,51.0333,-4.2167,64.09,92,100,15.66
424,Rosarito,MX,2022-07-24 03:26:08,32.3333,-117.0333,69.24,78,15,3.47
425,Hambantota,LK,2022-07-24 03:26:09,6.1241,81.1185,82.74,78,75,10.36
426,Panelas,BR,2022-07-24 03:26:09,-8.6636,-36.0058,66.0,97,85,8.08
427,Beipiao,CN,2022-07-24 03:26:09,41.7919,120.7792,79.0,61,0,4.0
428,Talnakh,RU,2022-07-24 03:26:10,69.4865,88.3972,76.21,33,100,8.66
429,Ucluelet,CA,2022-07-24 03:26:10,48.9329,-125.5528,61.09,85,9,1.99
430,Areosa,PT,2022-07-24 03:26:10,41.7178,-8.8571,62.06,91,0,0.92
431,Ranong,TH,2022-07-24 03:26:11,9.9658,98.6348,85.93,72,92,2.66
432,Micheweni,TZ,2022-07-24 03:26:11,-4.9667,39.8333,72.82,83,22,12.84
433,Mykolayivka,UA,2022-07-24 03:26:11,47.5414,30.7561,65.61,57,0,1.43
434,Gat,IL,2022-07-24 03:12:00,31.61,34.7642,75.4,80,4,2.8
435,Pacific Grove,US,2022-07-24 03:25:59,36.6177,-121.9166,58.24,90,100,10.36
436,Iraan,US,2022-07-24 03:26:12,30.914,-101.8979,88.88,33,0,16.02
437,Nioro,GM,2022-07-24 03:26:12,13.35,-15.75,75.16,94,85,2.19
438,Yartsevo,RU,2022-07-24 03:26:13,55.0667,32.6964,60.46,90,100,4.74
439,Salalah,OM,2022-07-24 03:26:13,17.0151,54.0924,77.09,88,100,6.91
440,Le Vauclin,MQ,2022-07-24 03:26:13,14.5452,-60.8388,79.84,83,75,3.44
441,Tabuk,PH,2022-07-24 03:26:14,17.4189,121.4443,87.69,68,82,4.41
442,Port Blair,IN,2022-07-24 03:26:14,11.6667,92.75,86.04,74,75,8.05
443,Sisimiut,GL,2022-07-24 03:26:14,66.9395,-53.6735,42.26,91,52,3.11
444,Houma,US,2022-07-24 03:26:15,29.5958,-90.7195,79.0,91,0,0.0
445,Katsuura,JP,2022-07-24 03:26:15,35.1333,140.3,82.04,75,99,14.34
446,Mutoko,ZW,2022-07-24 03:26:15,-17.397,32.2268,50.54,75,8,2.06
447,Fare,PF,2022-07-24 03:26:16,-16.7,-151.0167,79.39,74,0,13.85
448,Tutoia,BR,2022-07-24 03:26:16,-2.7619,-42.2744,79.05,84,75,9.01
449,North Bend,US,2022-07-24 03:26:16,43.4065,-124.2243,57.65,86,0,13.02
450,Miramar,US,2022-07-24 03:26:17,25.9873,-80.2323,85.01,76,0,10.36
451,Buckeye,US,2022-07-24 03:26:17,33.3703,-112.5838,102.97,28,4,3.44
452,Dolores,AR,2022-07-24 03:26:17,-36.3132,-57.6792,57.58,96,100,3.06
453,Mao,ES,2022-07-24 03:26:18,39.8885,4.2658,73.96,94,0,2.3
454,Mitu,CO,2022-07-24 03:26:18,1.1983,-70.1733,70.41,100,100,0.98
455,Mapiri,BO,2022-07-24 03:26:18,-15.25,-68.1667,67.06,83,33,1.59
456,Conakry,GN,2022-07-24 03:26:19,9.538,-13.6773,78.24,81,100,9.06
457,Joshimath,IN,2022-07-24 03:26:19,30.5667,79.5667,73.71,87,100,2.1
458,Dakar,SN,2022-07-24 03:26:19,14.6937,-17.4441,79.68,94,75,9.22
459,Chanute,US,2022-07-24 03:26:20,37.6792,-95.4572,91.51,43,0,10.36
460,Contamana,PE,2022-07-24 03:26:20,-7.3333,-75.0167,77.13,74,49,3.18
461,Inyonga,TZ,2022-07-24 03:26:20,-6.7167,32.0667,58.35,67,2,4.16
462,Tilichiki,RU,2022-07-24 03:26:21,60.4667,166.1,56.08,66,93,3.11
463,Tanout,NE,2022-07-24 03:26:21,14.9709,8.8879,82.65,54,88,11.95
464,Hue,VN,2022-07-24 03:21:39,16.4667,107.6,87.91,70,20,5.75
465,Saint-Louis,SN,2022-07-24 03:26:21,16.3333,-15.0,82.04,69,100,13.62
466,Angoche,MZ,2022-07-24 03:26:22,-16.2325,39.9086,70.07,78,3,4.23
467,Kupang,ID,2022-07-24 03:26:22,-10.1667,123.5833,82.2,46,30,9.84
468,Tromso,NO,2022-07-24 03:26:22,69.6496,18.957,48.38,87,100,5.75
469,Plouzane,FR,2022-07-24 03:26:23,48.3833,-4.6167,60.98,100,100,9.22
470,Kapuskasing,CA,2022-07-24 03:26:23,49.4169,-82.4331,62.38,79,89,4.38
471,Xai-Xai,MZ,2022-07-24 03:26:09,-25.0519,33.6442,62.24,72,3,8.48
472,Messina,IT,2022-07-24 03:22:01,38.1933,15.5497,82.2,77,20,13.8
473,Muros,ES,2022-07-24 03:26:23,42.7762,-9.0603,63.25,80,1,3.49
474,Dunda,TZ,2022-07-24 03:25:49,-8.1167,34.25,54.57,89,3,1.97
475,Zhuhai,CN,2022-07-24 03:26:24,22.2769,113.5678,98.85,75,20,5.75
476,Souillac,MU,2022-07-24 03:26:24,-20.5167,57.5167,68.38,83,75,9.22
477,Villazon,BO,2022-07-24 03:26:24,-22.0866,-65.5942,40.8,17,0,1.41
478,Hachinohe,JP,2022-07-24 03:26:25,40.5,141.5,80.46,59,100,3.09
479,Prachuap Khiri Khan,TH,2022-07-24 03:26:25,12.2167,99.75,83.59,64,81,2.8
480,Santa Ana,US,2022-07-24 03:26:25,33.7456,-117.8678,78.4,79,20,9.22
481,Finschhafen,PG,2022-07-24 03:26:26,-6.6024,147.8681,85.06,66,39,11.14
482,Nikel,RU,2022-07-24 03:26:26,69.4128,30.222,51.98,85,60,16.24
483,Lindi,TZ,2022-07-24 03:26:26,-10.0,39.7167,63.63,97,19,4.79
484,Berdigestyakh,RU,2022-07-24 03:26:27,62.0989,126.6992,78.69,48,18,2.86
485,Rocha,UY,2022-07-24 03:26:27,-34.4833,-54.3333,57.54,98,44,5.12
486,San Policarpo,PH,2022-07-24 03:26:27,12.1791,125.5072,85.87,71,96,3.04
487,Sola,VU,2022-07-24 03:26:28,-13.8833,167.55,84.87,74,75,1.14
488,Ola,RU,2022-07-24 03:26:28,59.5833,151.2833,53.15,88,100,10.74
489,Kondinskoye,RU,2022-07-24 03:26:28,59.6481,67.41,59.68,58,99,7.54
490,Mayor Pablo Lagerenza,PY,2022-07-24 03:26:29,-19.9309,-60.7718,72.36,46,9,5.5
491,Niesky,DE,2022-07-24 03:26:29,51.2924,14.8211,53.64,82,20,3.44
492,Udachnyy,RU,2022-07-24 03:26:29,66.4167,112.4,73.45,53,64,20.98
493,Kaduna,NG,2022-07-24 03:26:30,10.5222,7.4383,67.73,97,99,4.5
494,Touros,BR,2022-07-24 03:26:30,-5.1989,-35.4608,74.34,90,32,12.59
495,Mutare,ZW,2022-07-24 03:26:30,-18.9707,32.6709,50.83,83,1,1.99
496,Capreol,CA,2022-07-24 03:26:31,46.706,-80.9225,68.47,73,0,6.91
497,Yumen,CN,2022-07-24 03:26:31,40.2833,97.2,86.77,14,1,0.87
498,Faya,SA,2022-07-24 03:26:31,18.3851,42.4509,64.4,62,100,7.76
499,Itarema,BR,2022-07-24 03:26:32,-2.9248,-39.9167,78.69,83,42,13.58
500,Sarkand,KZ,2022-07-24 03:26:32,45.41,79.9186,88.11,21,20,10.49
501,Abrau-Dyurso,RU,2022-07-24 03:26:32,44.69,37.59,62.06,71,2,4.81
502,Malazgirt,TR,2022-07-24 03:26:33,39.1427,42.5401,56.48,54,0,4.09
503,Hukuntsi,BW,2022-07-24 03:26:33,-24.0,21.75,55.74,45,24,9.53
504,Merrill,US,2022-07-24 03:26:33,45.1805,-89.6835,63.25,99,73,6.17
505,Samarai,PG,2022-07-24 03:26:34,-10.6167,150.6667,80.19,82,47,11.92
506,Bitam,GA,2022-07-24 03:26:34,2.076,11.5007,67.46,99,100,1.59
507,Baracoa,CU,2022-07-24 03:26:34,20.3467,-74.4958,80.2,80,94,13.29
508,Farafangana,MG,2022-07-24 03:26:34,-22.8167,47.8333,63.39,92,9,3.62
509,Bemidji,US,2022-07-24 03:26:35,47.4736,-94.8803,66.29,79,100,9.22
510,Ninohe,JP,2022-07-24 03:26:35,40.2724,141.3061,84.33,50,95,6.06
511,Prince Rupert,CA,2022-07-24 03:25:13,54.3161,-130.3201,59.09,84,75,5.75
512,Sikasso,ML,2022-07-24 03:26:36,10.9167,-7.0,73.36,92,100,3.42
513,Gigmoto,PH,2022-07-24 03:26:36,13.7796,124.39,87.26,70,95,3.8
514,Boshnyakovo,RU,2022-07-24 03:26:36,49.6333,142.1667,59.67,98,100,1.28
515,Hirna,ET,2022-07-24 03:26:36,9.2167,41.1,59.72,82,86,7.99
516,Keuruu,FI,2022-07-24 03:26:37,62.2667,24.7,57.38,89,100,4.05
517,Hlobyne,UA,2022-07-24 03:26:37,49.3878,33.2596,63.21,82,0,4.99
518,Dvinskoy,RU,2022-07-24 03:26:37,62.1535,45.1175,65.84,80,82,4.74
519,Teofilo Otoni,BR,2022-07-24 03:25:20,-17.8575,-41.5053,59.94,95,0,3.76
520,Labuhan,ID,2022-07-24 03:26:38,-6.8844,112.2051,83.03,66,44,5.06
521,Ponnani,IN,2022-07-24 03:26:38,10.767,75.9252,76.32,81,100,6.91
522,Port Lincoln,AU,2022-07-24 03:24:40,-34.7333,135.8667,60.49,60,96,19.1
523,Galveston,US,2022-07-24 03:22:59,29.3669,-94.9669,85.05,82,29,1.99
524,Santa Rosalia,MX,2022-07-24 03:26:39,27.3167,-112.2833,86.14,57,74,6.89
525,Troitskoye,RU,2022-07-24 03:26:39,52.9821,84.6757,67.23,64,88,9.26
526,Bilma,NE,2022-07-24 03:26:39,18.6853,12.9164,88.63,28,3,4.79
527,Komsomolskiy,UZ,2022-07-24 03:26:40,40.4272,71.7189,93.92,17,18,6.91
528,Suhut,TR,2022-07-24 03:26:40,38.5311,30.5458,56.16,61,0,4.7
529,Gniezno,PL,2022-07-24 03:26:40,52.5348,17.5826,53.71,92,0,6.96
530,Ormara,PK,2022-07-24 03:26:41,25.2088,64.6357,82.8,83,100,10.71
531,Ahuimanu,US,2022-07-24 03:26:41,21.4447,-157.8378,83.91,65,75,16.11
532,Iztapa,GT,2022-07-24 03:26:41,13.9333,-90.7075,78.3,87,99,9.95
533,Vardo,NO,2022-07-24 03:26:42,70.3705,31.1107,49.98,87,75,10.36
534,Hirara,JP,2022-07-24 03:26:42,24.8,125.2833,91.26,74,20,10.36
535,Batagay,RU,2022-07-24 03:26:42,67.6333,134.6333,63.27,81,100,4.47
536,San Cristobal,VE,2022-07-24 03:26:43,7.7669,-72.225,71.78,87,6,1.72
537,Staraya Poltavka,RU,2022-07-24 03:26:43,50.4772,46.4814,66.09,76,91,10.16
538,Staines,GB,2022-07-24 03:26:43,51.4309,-0.5061,65.68,76,75,12.66
539,Quatre Cocos,MU,2022-07-24 03:26:44,-20.2078,57.7625,69.1,76,83,15.14
540,Tual,ID,2022-07-24 03:26:44,-5.6667,132.75,78.98,82,99,14.27
541,Chardara,KZ,2022-07-24 03:26:44,41.2547,67.9692,89.64,26,0,1.7
542,Ambilobe,MG,2022-07-24 03:26:45,-13.2,49.05,61.75,83,10,3.49
543,Rio Grande,BR,2022-07-24 03:24:53,-32.035,-52.0986,58.91,98,94,6.35
544,Pemberton,CA,2022-07-24 03:26:45,50.3164,-122.8027,80.89,50,21,4.09
545,Shelburne,CA,2022-07-24 03:26:45,44.0787,-80.2041,66.61,90,19,8.41
546,Belyy Yar,RU,2022-07-24 03:26:46,53.6039,91.3903,67.86,73,0,4.47
547,Lishui,CN,2022-07-24 03:26:46,28.4604,119.9103,99.19,40,0,3.58
548,Lujiang,CN,2022-07-24 03:26:46,31.2581,117.2817,87.58,59,10,0.87
549,Neman,RU,2022-07-24 03:26:47,55.0311,22.0264,55.09,96,55,8.1
550,Madimba,TZ,2022-07-24 03:26:47,-10.4,40.3333,67.42,89,40,6.78
551,Honningsvag,NO,2022-07-24 03:26:47,70.9821,25.9704,49.75,87,100,19.57
552,Ilek,RU,2022-07-24 03:26:48,51.5271,53.3831,69.75,69,94,5.41
553,Nohar,IN,2022-07-24 03:26:48,29.1833,74.7667,88.63,59,61,18.88
554,Abu Kamal,SY,2022-07-24 03:26:48,34.4506,40.9171,82.42,28,0,16.75
555,Poyarkovo,RU,2022-07-24 03:26:49,49.6,128.6833,76.23,61,24,8.05
556,Barentu,ER,2022-07-24 03:26:49,15.1139,37.5928,72.84,79,100,10.16
557,Novokizhinginsk,RU,2022-07-24 03:26:50,51.6115,109.5917,58.12,93,100,2.73
558,Maniitsoq,GL,2022-07-24 03:26:50,65.4167,-52.9,45.75,80,69,8.43
559,Maralal,KE,2022-07-24 03:26:50,1.0968,36.698,52.88,82,41,1.97
560,Kazuno,JP,2022-07-24 03:26:50,40.1836,140.7872,76.24,60,97,6.58
561,Sorong,ID,2022-07-24 03:26:51,-0.8833,131.25,84.63,69,83,7.49
562,Sidi Ali,DZ,2022-07-24 03:26:51,36.0998,0.4206,75.79,56,6,1.92
563,Teguise,ES,2022-07-24 03:26:52,29.0605,-13.564,71.82,83,0,3.44
564,Miles City,US,2022-07-24 03:26:52,46.4083,-105.8406,76.17,35,0,11.5
565,Aksarka,RU,2022-07-24 03:26:52,66.5606,67.7975,56.71,58,100,7.65
566,Pokhara,NP,2022-07-24 03:26:53,28.2333,83.9833,75.25,86,100,3.0
567,Dolinsk,RU,2022-07-24 03:26:53,47.35,142.8,57.38,99,100,9.4
568,Aitape,PG,2022-07-24 03:26:53,-3.1374,142.3475,85.17,71,22,6.26
569,Aktash,RU,2022-07-24 03:26:54,50.3,87.7333,53.1,53,63,4.52
570,Maun,BW,2022-07-24 03:26:54,-19.9833,23.4167,59.9,45,70,3.47
